https://dgobjects.blob.core.windows.net/objs/grinnell_3601_OBJ.tiff,https://dgobjects.blob.core.windows.net/smalls/grinnell_3601_JPG.jpg,https://dgobjects.blob.core.windows.net/thumbs/grinnell_3601_TN.jpg
https://dgobjects.blob.core.windows.net/objs/grinnell_3611_OBJ.tiff,https://dgobjects.blob.core.windows.net/smalls/grinnell_3611_JPG.jpg,https://dgobjects.blob.core.windows.net/thumbs/grinnell_3611_TN.jpg
https://dgobjects.blob.core.windows.net/objs/grinnell_3610_OBJ.tiff,https://dgobjects.blob.core.windows.net/smalls/grinnell_3610_JPG.jpg,https://dgobjects.blob.core.windows.net/thumbs/grinnell_3610_TN.jpg
,https://dgobjects.blob.core.windows.net/smalls/grinnell_5555_JPG.jpg,https://dgobjects.blob.core.windows.net/thumbs/grinnell_5555_TN.jpg
https://dgobjects.blob.core.windows.net/objs/grinnell_12920_OBJ.tiff,https://dgobjects.blob.core.windows.net/smalls/grinnell_12920_JPG.jpg,https://dgobjects.blob.core.windows.net/thumbs/grinnell_12920_TN.jpg
,,
https://dgobjects.blob.core.windows.net/objs/grinnell_4977_OBJ.tiff,https://dgobjects.blob.core.windows.net/smalls/grinnell_4977_JPG.jpg,https://dgobjects.blob.core.windows.net/thumbs/grinnell_4977_TN.jpg
https://dgobjects.blob.core.windows.net/objs/grinnell_26787_OBJ.tiff,https://dgobjects.blob.core.windows.net/smalls/grinnell_26787_JPG.jpg,https://dgobjects.blob.core.windows.net/thumbs/grinnell_26787_TN.jpg
https://dgobjects.blob.core.windows.net/objs/grinnell_5002_OBJ.tiff,https://dgobjects.blob.core.windows.net/smalls/grinnell_5002_JPG.jpg,https://dgobjects.blob.core.windows.net/thumbs/grinnell_5002_TN.jpg
https://dgobjects.blob.core.windows.net/objs/grinnell_33987_OBJ.tiff,https://dgobjects.blob.core.windows.net/smalls/grinnell_33987_JPG.jpg,https://dgobjects.blob.core.windows.net/thumbs/grinnell_33987_TN.jpg
https://dgobjects.blob.core.windows.net/objs/grinnell_5161_OBJ.tiff,https://dgobjects.blob.core.windows.net/smalls/grinnell_5161_JPG.jpg,https://dgobjects.blob.core.windows.net/thumbs/grinnell_5161_TN.jpg
,,
https://dgobjects.blob.core.windows.net/objs/grinnell_5292_OBJ.tiff,,https://dgobjects.blob.core.windows.net/thumbs/grinnell_5292_TN.jpg
https://dgobjects.blob.core.windows.net/objs/grinnell_5759_OBJ.tiff,https://dgobjects.blob.core.windows.net/smalls/grinnell_5759_JPG.jpg,https://dgobjects.blob.core.windows.net/thumbs/grinnell_5759_TN.jpg
https://dgobjects.blob.core.windows.net/objs/grinnell_5760_OBJ.tiff,https://dgobjects.blob.core.windows.net/smalls/grinnell_5760_JPG.jpg,https://dgobjects.blob.core.windows.net/thumbs/grinnell_5760_TN.jpg
https://dgobjects.blob.core.windows.net/objs/grinnell_4962_OBJ.tiff,https://dgobjects.blob.core.windows.net/smalls/grinnell_4962_JPG.jpg,https://dgobjects.blob.core.windows.net/thumbs/grinnell_4962_TN.jpg
https://dgobjects.blob.core.windows.net/objs/grinnell_4960_OBJ.tiff,https://dgobjects.blob.core.windows.net/smalls/grinnell_4960_JPG.jpg,https://dgobjects.blob.core.windows.net/thumbs/grinnell_4960_TN.jpg
https://dgobjects.blob.core.windows.net/objs/grinnell_5775_OBJ.tiff,https://dgobjects.blob.core.windows.net/smalls/grinnell_5775_JPG.jpg,https://dgobjects.blob.core.windows.net/thumbs/grinnell_5775_TN.jpg
https://dgobjects.blob.core.windows.net/objs/grinnell_10568_OBJ.tiff,https://dgobjects.blob.core.windows.net/smalls/grinnell_10568_JPG.jpg,https://dgobjects.blob.core.windows.net/thumbs/grinnell_10568_TN.jpg
,,
https://dgobjects.blob.core.windows.net/objs/grinnell_31972_OBJ.jpg,,https://dgobjects.blob.core.windows.net/thumbs/grinnell_31972_TN.jpg
https://dgobjects.blob.core.windows.net/objs/grinnell_10547_OBJ.tiff,https://dgobjects.blob.core.windows.net/smalls/grinnell_10547_JPG.jpg,https://dgobjects.blob.core.windows.net/thumbs/grinnell_10547_TN.jpg
https://dgobjects.blob.core.windows.net/objs/grinnell_5001_OBJ.tiff,https://dgobjects.blob.core.windows.net/smalls/grinnell_5001_JPG.jpg,https://dgobjects.blob.core.windows.net/thumbs/grinnell_5001_TN.jpg
https://dgobjects.blob.core.windows.net/objs/grinnell_1890_OBJ.pdf,,https://dgobjects.blob.core.windows.net/thumbs/grinnell_1890_TN.jpg
,,
,,https://dgobjects.blob.core.windows.net/thumbs/grinnell_34345_TN.jpg
https://dgobjects.blob.core.windows.net/objs/grinnell_34341_OBJ.pdf,,https://dgobjects.blob.core.windows.net/thumbs/grinnell_34341_TN.jpg
https://dgobjects.blob.core.windows.net/objs/grinnell_10586_OBJ.tiff,https://dgobjects.blob.core.windows.net/smalls/grinnell_10586_JPG.jpg,https://dgobjects.blob.core.windows.net/thumbs/grinnell_10586_TN.jpg
https://dgobjects.blob.core.windows.net/objs/grinnell_20022_OBJ.pdf,,https://dgobjects.blob.core.windows.net/thumbs/grinnell_20022_TN.jpg
,,
https://dgobjects.blob.core.windows.net/objs/grinnell_10610_OBJ.tiff,https://dgobjects.blob.core.windows.net/smalls/grinnell_10610_JPG.jpg,https://dgobjects.blob.core.windows.net/thumbs/grinnell_10610_TN.jpg
https://dgobjects.blob.core.windows.net/objs/grinnell_10611_OBJ.tiff,https://dgobjects.blob.core.windows.net/smalls/grinnell_10611_JPG.jpg,https://dgobjects.blob.core.windows.net/thumbs/grinnell_10611_TN.jpg
https://dgobjects.blob.core.windows.net/objs/grinnell_10612_OBJ.tiff,https://dgobjects.blob.core.windows.net/smalls/grinnell_10612_JPG.jpg,https://dgobjects.blob.core.windows.net/thumbs/grinnell_10612_TN.jpg
,,
https://dgobjects.blob.core.windows.net/objs/grinnell_10556_OBJ.tiff,https://dgobjects.blob.core.windows.net/smalls/grinnell_10556_JPG.jpg,https://dgobjects.blob.core.windows.net/thumbs/grinnell_10556_TN.jpg
https://dgobjects.blob.core.windows.net/objs/grinnell_10557_OBJ.tiff,https://dgobjects.blob.core.windows.net/smalls/grinnell_10557_JPG.jpg,https://dgobjects.blob.core.windows.net/thumbs/grinnell_10557_TN.jpg
https://dgobjects.blob.core.windows.net/objs/grinnell_10558_OBJ.tiff,https://dgobjects.blob.core.windows.net/smalls/grinnell_10558_JPG.jpg,https://dgobjects.blob.core.windows.net/thumbs/grinnell_10558_TN.jpg
https://dgobjects.blob.core.windows.net/objs/grinnell_10559_OBJ.tiff,https://dgobjects.blob.core.windows.net/smalls/grinnell_10559_JPG.jpg,https://dgobjects.blob.core.windows.net/thumbs/grinnell_10559_TN.jpg
https://dgobjects.blob.core.windows.net/objs/grinnell_10560_OBJ.tiff,https://dgobjects.blob.core.windows.net/smalls/grinnell_10560_JPG.jpg,https://dgobjects.blob.core.windows.net/thumbs/grinnell_10560_TN.jpg
https://dgobjects.blob.core.windows.net/objs/grinnell_10561_OBJ.tiff,https://dgobjects.blob.core.windows.net/smalls/grinnell_10561_JPG.jpg,https://dgobjects.blob.core.windows.net/thumbs/grinnell_10561_TN.jpg
https://dgobjects.blob.core.windows.net/objs/grinnell_10562_OBJ.tiff,https://dgobjects.blob.core.windows.net/smalls/grinnell_10562_JPG.jpg,https://dgobjects.blob.core.windows.net/thumbs/grinnell_10562_TN.jpg
https://dgobjects.blob.core.windows.net/objs/grinnell_10563_OBJ.tiff,https://dgobjects.blob.core.windows.net/smalls/grinnell_10563_JPG.jpg,https://dgobjects.blob.core.windows.net/thumbs/grinnell_10563_TN.jpg
https://dgobjects.blob.core.windows.net/objs/grinnell_10564_OBJ.tiff,https://dgobjects.blob.core.windows.net/smalls/grinnell_10564_JPG.jpg,https://dgobjects.blob.core.windows.net/thumbs/grinnell_10564_TN.jpg
https://dgobjects.blob.core.windows.net/objs/grinnell_10565_OBJ.tiff,https://dgobjects.blob.core.windows.net/smalls/grinnell_10565_JPG.jpg,https://dgobjects.blob.core.windows.net/thumbs/grinnell_10565_TN.jpg
https://dgobjects.blob.core.windows.net/objs/grinnell_10566_OBJ.tiff,https://dgobjects.blob.core.windows.net/smalls/grinnell_10566_JPG.jpg,https://dgobjects.blob.core.windows.net/thumbs/grinnell_10566_TN.jpg
https://dgobjects.blob.core.windows.net/objs/grinnell_10567_OBJ.tiff,https://dgobjects.blob.core.windows.net/smalls/grinnell_10567_JPG.jpg,https://dgobjects.blob.core.windows.net/thumbs/grinnell_10567_TN.jpg
https://dgobjects.blob.core.windows.net/objs/grinnell_4961_OBJ.tiff,https://dgobjects.blob.core.windows.net/smalls/grinnell_4961_JPG.jpg,https://dgobjects.blob.core.windows.net/thumbs/grinnell_4961_TN.jpg
https://dgobjects.blob.core.windows.net/objs/grinnell_31973_OBJ.jpg,,https://dgobjects.blob.core.windows.net/thumbs/grinnell_31973_TN.jpg
https://dgobjects.blob.core.windows.net/objs/grinnell_12935_OBJ.tiff,https://dgobjects.blob.core.windows.net/smalls/grinnell_12935_JPG.jpg,https://dgobjects.blob.core.windows.net/thumbs/grinnell_12935_TN.jpg
,,
https://dgobjects.blob.core.windows.net/objs/grinnell_5821_OBJ.tiff,https://dgobjects.blob.core.windows.net/smalls/grinnell_5821_JPG.jpg,https://dgobjects.blob.core.windows.net/thumbs/grinnell_5821_TN.jpg
,,
https://dgobjects.blob.core.windows.net/objs/grinnell_17283_OBJ.tiff,https://dgobjects.blob.core.windows.net/smalls/grinnell_17283_JPG.jpg,https://dgobjects.blob.core.windows.net/thumbs/grinnell_17283_TN.jpg
https://dgobjects.blob.core.windows.net/objs/grinnell_17284_OBJ.jpg,,https://dgobjects.blob.core.windows.net/thumbs/grinnell_17284_TN.jpg
https://dgobjects.blob.core.windows.net/objs/grinnell_26673_OBJ.jpg,,https://dgobjects.blob.core.windows.net/thumbs/grinnell_26673_TN.jpg
https://dgobjects.blob.core.windows.net/objs/grinnell_12919_OBJ.tiff,https://dgobjects.blob.core.windows.net/smalls/grinnell_12919_JPG.jpg,https://dgobjects.blob.core.windows.net/thumbs/grinnell_12919_TN.jpg
https://dgobjects.blob.core.windows.net/objs/grinnell_5291_OBJ.tiff,,https://dgobjects.blob.core.windows.net/thumbs/grinnell_5291_TN.jpg
https://dgobjects.blob.core.windows.net/objs/grinnell_5274_OBJ.tiff,,https://dgobjects.blob.core.windows.net/thumbs/grinnell_5274_TN.jpg
https://dgobjects.blob.core.windows.net/objs/grinnell_5577_OBJ.tiff,https://dgobjects.blob.core.windows.net/smalls/grinnell_5577_JPG.jpg,https://dgobjects.blob.core.windows.net/thumbs/grinnell_5577_TN.jpg
https://dgobjects.blob.core.windows.net/objs/grinnell_5047_OBJ.tiff,https://dgobjects.blob.core.windows.net/smalls/grinnell_5047_JPG.jpg,https://dgobjects.blob.core.windows.net/thumbs/grinnell_5047_TN.jpg
https://dgobjects.blob.core.windows.net/objs/grinnell_5276_OBJ.tiff,,https://dgobjects.blob.core.windows.net/thumbs/grinnell_5276_TN.jpg
https://dgobjects.blob.core.windows.net/objs/grinnell_23628_OBJ.tiff,https://dgobjects.blob.core.windows.net/smalls/grinnell_23628_JPG.jpg,https://dgobjects.blob.core.windows.net/thumbs/grinnell_23628_TN.jpg
https://dgobjects.blob.core.windows.net/objs/grinnell_34002_OBJ.tiff,https://dgobjects.blob.core.windows.net/smalls/grinnell_34002_JPG.jpg,https://dgobjects.blob.core.windows.net/thumbs/grinnell_34002_TN.jpg
https://dgobjects.blob.core.windows.net/objs/grinnell_23551_OBJ.tiff,https://dgobjects.blob.core.windows.net/smalls/grinnell_23551_JPG.jpg,https://dgobjects.blob.core.windows.net/thumbs/grinnell_23551_TN.jpg
https://dgobjects.blob.core.windows.net/objs/grinnell_26760_OBJ.tiff,https://dgobjects.blob.core.windows.net/smalls/grinnell_26760_JPG.jpg,https://dgobjects.blob.core.windows.net/thumbs/grinnell_26760_TN.jpg
https://dgobjects.blob.core.windows.net/objs/grinnell_23648_OBJ.tiff,https://dgobjects.blob.core.windows.net/smalls/grinnell_23648_JPG.jpg,https://dgobjects.blob.core.windows.net/thumbs/grinnell_23648_TN.jpg
https://dgobjects.blob.core.windows.net/objs/grinnell_23553_OBJ.tiff,https://dgobjects.blob.core.windows.net/smalls/grinnell_23553_JPG.jpg,https://dgobjects.blob.core.windows.net/thumbs/grinnell_23553_TN.jpg
https://dgobjects.blob.core.windows.net/objs/grinnell_34465_OBJ.tiff,https://dgobjects.blob.core.windows.net/smalls/grinnell_34465_JPG.jpg,https://dgobjects.blob.core.windows.net/thumbs/grinnell_34465_TN.jpg
https://dgobjects.blob.core.windows.net/objs/grinnell_23620_OBJ.tiff,https://dgobjects.blob.core.windows.net/smalls/grinnell_23620_JPG.jpg,https://dgobjects.blob.core.windows.net/thumbs/grinnell_23620_TN.jpg
https://dgobjects.blob.core.windows.net/objs/grinnell_23622_OBJ.tiff,https://dgobjects.blob.core.windows.net/smalls/grinnell_23622_JPG.jpg,https://dgobjects.blob.core.windows.net/thumbs/grinnell_23622_TN.jpg
https://dgobjects.blob.core.windows.net/objs/grinnell_12933_OBJ.tiff,https://dgobjects.blob.core.windows.net/smalls/grinnell_12933_JPG.jpg,https://dgobjects.blob.core.windows.net/thumbs/grinnell_12933_TN.jpg
https://dgobjects.blob.core.windows.net/objs/grinnell_5894_OBJ.tiff,,https://dgobjects.blob.core.windows.net/thumbs/grinnell_5894_TN.jpg
https://dgobjects.blob.core.windows.net/objs/grinnell_5045_OBJ.tiff,https://dgobjects.blob.core.windows.net/smalls/grinnell_5045_JPG.jpg,https://dgobjects.blob.core.windows.net/thumbs/grinnell_5045_TN.jpg
https://dgobjects.blob.core.windows.net/objs/grinnell_5768_OBJ.tiff,https://dgobjects.blob.core.windows.net/smalls/grinnell_5768_JPG.jpg,https://dgobjects.blob.core.windows.net/thumbs/grinnell_5768_TN.jpg
https://dgobjects.blob.core.windows.net/objs/grinnell_5003_OBJ.tiff,https://dgobjects.blob.core.windows.net/smalls/grinnell_5003_JPG.jpg,https://dgobjects.blob.core.windows.net/thumbs/grinnell_5003_TN.jpg
https://dgobjects.blob.core.windows.net/objs/grinnell_5770_OBJ.tiff,https://dgobjects.blob.core.windows.net/smalls/grinnell_5770_JPG.jpg,https://dgobjects.blob.core.windows.net/thumbs/grinnell_5770_TN.jpg
